"","geo_type","region","transportation_type","alternative_name","sub.region","country","X2020.01.13","X2020.01.14","X2020.01.15","X2020.01.16","X2020.01.17","X2020.01.18","X2020.01.19","X2020.01.20","X2020.01.21","X2020.01.22","X2020.01.23","X2020.01.24","X2020.01.25","X2020.01.26","X2020.01.27","X2020.01.28","X2020.01.29","X2020.01.30","X2020.01.31","X2020.02.01","X2020.02.02","X2020.02.03","X2020.02.04","X2020.02.05","X2020.02.06","X2020.02.07","X2020.02.08","X2020.02.09","X2020.02.10","X2020.02.11","X2020.02.12","X2020.02.13","X2020.02.14","X2020.02.15","X2020.02.16","X2020.02.17","X2020.02.18","X2020.02.19","X2020.02.20","X2020.02.21","X2020.02.22","X2020.02.23","X2020.02.24","X2020.02.25","X2020.02.26","X2020.02.27","X2020.02.28","X2020.02.29","X2020.03.01","X2020.03.02","X2020.03.03","X2020.03.04","X2020.03.05","X2020.03.06","X2020.03.07","X2020.03.08","X2020.03.09","X2020.03.10","X2020.03.11","X2020.03.12","X2020.03.13","X2020.03.14","X2020.03.15","X2020.03.16","X2020.03.17","X2020.03.18","X2020.03.19","X2020.03.20","X2020.03.21","X2020.03.22","X2020.03.23","X2020.03.24","X2020.03.25","X2020.03.26","X2020.03.27","X2020.03.28","X2020.03.29","X2020.03.30","X2020.03.31","X2020.04.01","X2020.04.02","X2020.04.03","X2020.04.04","X2020.04.05","X2020.04.06","X2020.04.07","X2020.04.08","X2020.04.09","X2020.04.10","X2020.04.11","X2020.04.12","X2020.04.13","X2020.04.14","X2020.04.15","X2020.04.16","X2020.04.17","X2020.04.18","X2020.04.19","X2020.04.20","X2020.04.21","X2020.04.22","X2020.04.23","X2020.04.24","X2020.04.25","X2020.04.26","X2020.04.27","X2020.04.28","X2020.04.29","X2020.04.30","X2020.05.01","X2020.05.02","X2020.05.03","X2020.05.04","X2020.05.05","X2020.05.06","X2020.05.07","X2020.05.08","X2020.05.09","X2020.05.10","X2020.05.11","X2020.05.12","X2020.05.13","X2020.05.14","X2020.05.15","X2020.05.16","X2020.05.17","X2020.05.18","X2020.05.19","X2020.05.20","X2020.05.21","X2020.05.22","X2020.05.23","X2020.05.24","X2020.05.25","X2020.05.26","X2020.05.27","X2020.05.28","X2020.05.29","X2020.05.30","X2020.05.31","X2020.06.01","X2020.06.02","X2020.06.03","X2020.06.04","X2020.06.05","X2020.06.06","X2020.06.07","X2020.06.08","X2020.06.09","X2020.06.10","X2020.06.11","X2020.06.12","X2020.06.13","X2020.06.14","X2020.06.15","X2020.06.16","X2020.06.17","X2020.06.18","X2020.06.19","X2020.06.20","X2020.06.21","X2020.06.22","X2020.06.23","X2020.06.24","X2020.06.25","X2020.06.26","X2020.06.27","X2020.06.28","X2020.06.29","X2020.06.30","X2020.07.01","X2020.07.02","X2020.07.03","X2020.07.04","X2020.07.05","X2020.07.06","X2020.07.07","X2020.07.08","X2020.07.09","X2020.07.10","X2020.07.11","X2020.07.12","X2020.07.13","X2020.07.14","X2020.07.15","X2020.07.16","X2020.07.17","X2020.07.18","X2020.07.19","X2020.07.20","X2020.07.21","X2020.07.22","X2020.07.23","X2020.07.24","X2020.07.25","X2020.07.26","X2020.07.27","X2020.07.28","X2020.07.29","X2020.07.30","X2020.07.31","X2020.08.01","X2020.08.02","X2020.08.03","X2020.08.04","X2020.08.05","X2020.08.06","X2020.08.07","X2020.08.08","X2020.08.09","X2020.08.10","X2020.08.11","X2020.08.12","X2020.08.13","X2020.08.14","X2020.08.15","X2020.08.16","X2020.08.17","X2020.08.18","X2020.08.19","X2020.08.20","X2020.08.21","X2020.08.22","X2020.08.23","X2020.08.24","X2020.08.25","X2020.08.26","X2020.08.27","X2020.08.28","X2020.08.29","X2020.08.30","X2020.08.31","X2020.09.01","X2020.09.02","X2020.09.03","X2020.09.04","X2020.09.05","X2020.09.06","X2020.09.07","X2020.09.08","X2020.09.09","X2020.09.10","X2020.09.11","X2020.09.12","X2020.09.13","X2020.09.14","X2020.09.15","X2020.09.16","X2020.09.17","X2020.09.18","X2020.09.19"
"165","city","Albuquerque","driving","","New Mexico","United States",100,101.06,104.03,97.01,118.28,116.32,80.57,94.51,99.66,101.47,104.29,119.89,115.52,77.72,96.01,103.17,103.8,106.1,121.73,117.85,77.04,97.16,98.5,104.48,108.02,125.97,121.12,83.81,105.73,90.05,110.8,123.73,144.08,126.84,94.49,105.31,108.67,108.85,114.72,133.53,126.33,85.98,112.65,109.58,114.18,118.12,135,143.68,93.07,107.47,115.03,112.75,118.74,137.36,132.8,87.89,111.34,121.72,120.34,115.46,115.42,105.16,73.31,90.14,82.66,79.14,73.26,80.06,66.52,51.19,63.13,55.03,56.43,53.86,60.69,52.93,43.05,54.76,57.3,57.72,58.72,65.78,57.23,44.45,57.06,57.64,59.35,60.2,69.14,58.42,37.42,51.78,59.63,66,67.78,75.23,66.92,53.13,66.58,66.09,69.02,71.7,78.53,70.01,57.21,69.77,73.44,73.93,76.91,90.4,80.03,63.08,77.37,81.24,80.79,83.39,93.47,87.01,64.11,NA,NA,88.12,92.4,109.16,101.71,80.7,98.16,100.5,103.52,107.3,119.87,103.85,84.86,80.2,105.39,107.04,110.86,122.54,110.23,94.75,109.66,114.37,115.35,119.33,134.2,121.92,96.64,115.45,116.64,121.32,121.58,138,128.23,100.11,116.78,123.52,126.78,127.46,144,132.14,92.52,123.02,126.78,131.6,132.54,148.03,140.99,108.4,128.47,130.3,133.55,140.8,136.51,101.41,94.25,123.37,128.82,128.11,128.97,146.15,133.32,100.8,115.25,122.41,125.34,126.3,146.26,131.66,102.47,120.87,122.79,125.72,129.11,142.15,130.41,103.14,118.49,126.3,131.7,135.73,152.07,136.09,104.26,127.38,130.7,127.43,133.7,150.4,139.53,109.64,124.77,128.33,126.63,133.01,150.15,142.96,109.8,123.18,123.74,126.24,128.97,151.02,137.28,104.68,116.78,119.75,123.38,124.67,146.08,139.3,105.64,119.03,121.61,124.5,131.25,151.47,137.94,109.76,102.83,119.93,120.98,124.98,147.92,143.36,104.82,122.11,124.12,126.45,128.28,149.06,141.44
"166","city","Albuquerque","transit","","New Mexico","United States",100,82.47,86.27,77.21,79.91,80.35,66.62,82.91,89.92,89.26,80.79,87.87,87.87,68.37,75.75,87.14,91.67,93.5,93.21,80.13,64.79,88.17,78.52,87,85.68,95.03,84.51,72.46,89.63,77.57,88.02,91.75,91.6,83.49,74.87,92.99,91.02,91.96,96.57,97.95,81.3,69.83,89.04,73.05,91.53,88.09,88.82,87.36,65.67,87.44,87.14,89.55,96.49,104.16,92.99,73.27,95.11,98.39,94.45,84.95,74,64.65,52.52,64.21,59.31,58.07,48.06,48.43,42,34.62,43.83,38.5,44.7,37.69,37.55,38.57,31.99,36.89,39.08,32.07,36.52,39.81,32.14,30.09,31.78,33.97,35.43,34.26,34.19,27.98,23.3,27.98,32.29,30.68,33.38,32.94,32.65,31.92,33.82,30.97,37.11,29.29,33.89,33.53,28.78,34.19,36.82,35.57,40.91,44.49,37.11,35.28,37.69,38.86,40.1,40.39,38.35,37.69,31.41,NA,NA,41.49,42.37,43.61,43.54,39.81,46.53,42.59,38.35,42.59,47.26,43.1,35.72,37.03,42.8,43.46,46.6,55.73,47.99,41.34,47.33,46.82,48.94,50.18,51.79,51.06,41.56,52.74,56.68,53.76,55.22,51.21,54.05,48.21,61.94,55.88,55.22,56.54,57.2,57.27,43.39,57.05,57.2,66.98,58.36,66.47,60.19,50.11,64.79,58.58,59.31,62.82,56.25,39.08,48.58,49.23,66.84,60.26,62.53,53.54,59.75,38.93,63.18,55.44,56.39,59.61,71.37,53.1,47.55,54.93,52.81,49.38,54.27,52.37,55.3,43.75,49.45,54.71,58.58,51.86,60.63,49.16,45.07,50.69,55.15,61.87,60.77,55.3,57.85,54.05,63.84,63.77,58.95,61.72,60.04,50.33,43.68,57.85,55.88,56.1,59.53,62.67,49.16,47.55,51.35,54.05,59.31,52.3,61.58,66.91,55.22,65.23,53.1,64.5,59.53,58.36,56.68,46.17,42.44,62.53,52.74,63.7,62.67,57.27,51.28,66.98,59.53,65.74,68.74,78.52,70.2
"167","city","Albuquerque","walking","","New Mexico","United States",100,102.02,107.65,86.33,115.66,129.9,88.77,98.01,101.99,106.8,107.85,132.13,126.92,86.26,94.58,101.19,101.85,106.23,129.45,134.93,77.27,97.99,88.65,97.3,104.22,136.18,149.01,84.67,93.22,88.63,109.91,135.4,154.34,151.96,105.12,115.31,111.07,109.17,117.87,131.31,145.02,84.46,111.83,102.85,111.09,119.05,143.13,162.98,92.99,113.46,117.39,112.58,121.26,150.73,156.21,90.92,113.94,120.8,122.61,123.43,122.66,118.94,78.75,98.24,93.29,76.61,74.86,80.73,72.84,54.22,69.71,62.98,61.71,56.64,64.38,61.92,49.83,62.79,65.78,66.85,73.48,74.72,67.98,55.38,64.83,73.62,66.51,69.07,80.31,65.61,42.61,50.43,62.04,74.31,72.2,79.64,71.45,63.72,78.65,73.69,76.76,77.63,83.7,82.09,65.87,75.28,83.88,87.56,89.58,101.59,92.54,69.08,86.75,94.95,93.39,94.13,103.06,97.94,66.02,NA,NA,101.33,108.11,131.16,126.47,100.88,125.9,127.09,131.76,134.39,145.07,126.59,99.74,100.83,126.25,122.02,128.39,146.61,127.77,113.41,138.96,140.71,147.08,141.07,160.36,155.73,113.48,135.45,138.15,143.46,148.11,166.25,149.05,115.59,133.93,145.47,147.02,144.67,167.73,162.18,112.09,150.76,170,174.19,179.39,199.07,178.41,125.38,162.53,163.17,174.78,184.58,176.7,127.51,112.16,154.67,150.02,159.91,159,180.85,164.83,124.97,150.5,149.53,154.48,163.15,179.53,164.13,118.22,143.03,150,163.11,153.94,176.66,165.35,123.94,141.4,155.78,156.96,159.52,181.16,160.02,121.09,155.07,157.37,149.76,162.98,187.49,173.49,131.16,151.56,163.82,158.08,170.09,187.46,184.29,131.78,149.74,157.72,161.7,163.03,188.46,169.19,132.98,149.52,154.46,163.58,162.63,187.39,183.51,133.36,149.48,150.88,159.71,157.32,175.42,173.06,137.04,124.03,145.38,144.69,150.67,177.32,180.88,124.24,148.44,159.1,157.21,153.82,186.14,181.82
"2232","county","Bernalillo County","driving","","New Mexico","United States",100,100.93,104.04,97.47,118.75,116.33,81.03,94.7,99.71,101.61,104.51,120.39,115.93,78.22,96.13,103.54,104.26,106.5,121.91,117.88,76.83,97.12,98.71,104.59,108.19,126.24,120.98,84.04,106.14,90.31,110.46,123.98,144.48,126.08,94.64,105.64,108.4,108.53,114.43,133.18,125.77,86.31,112.32,109.39,114.28,118.69,135.8,142.85,93.51,107.61,115.28,112.18,118.77,137.62,133.42,88.82,111.92,122.34,119.78,115.13,116.55,107.07,74.77,90.99,83.54,79.98,73.71,81.04,67.69,51.89,63.14,55.15,56.14,53.63,60.21,52.78,42.99,54.26,56.93,57.39,58.24,65.09,56.92,44.25,56.54,56.95,58.66,59.56,68.34,57.97,37.09,51.04,59.05,65.06,66.63,74.68,66.36,53.11,65.94,65.31,68.35,70.5,77.09,69.6,57.02,68.87,72.68,73.55,76.29,89.45,79.48,62.88,76.5,80.04,79.98,82.63,92.25,86.43,63.69,NA,NA,87.23,91.18,107.91,100.64,80.06,97.3,99.52,102.41,106.92,119.36,103.47,85.16,79.82,104.65,106.52,110.29,122.37,109.94,95.48,108.69,113.23,114.55,118.38,133.27,121.64,96.33,114.16,116.32,120.76,120.88,137.25,127.37,100.01,116.26,122.97,125.71,126.73,144.28,132.09,92.71,123.05,126.14,130.57,132.52,147.71,140.84,108.39,128.21,129.65,133.44,140.31,136.44,101.19,94.51,122.7,128.45,127.98,128.86,145.71,133.09,100.71,114.47,121.65,124.55,125.95,144.36,130.82,102.04,119.8,122.37,125.41,127.8,140.81,129.75,102.83,117.66,125.66,131.29,134.9,151.19,136.43,104.66,126.73,130.18,126.74,133.04,150.46,139.51,110.05,123.97,127.83,126.22,133.04,150.38,144.15,109.51,122.79,123.48,125.46,128.53,150.76,137.16,104.81,116.24,119.04,122.87,124.25,145.18,139.17,106.06,118.54,121.15,124.39,130.75,151.64,138.7,110.35,103.19,119.5,119.86,124.23,147.28,143.42,104.41,121.6,123.76,125.81,128.03,148.18,141.62
"2233","county","Bernalillo County","transit","","New Mexico","United States",100,82.92,85.38,77.4,81.13,80.39,66.07,82.4,89.49,87.84,81.51,87.77,87.02,67.34,76.66,88.44,91.8,92.32,92.84,80.39,66.22,87.02,76.21,85.61,84.41,94.56,83.15,72.33,88.52,78.15,88.14,90.9,91.35,83.15,74.72,93.14,88.96,91.65,97.09,99.33,80.31,67.19,89.19,72.26,91.72,89.34,87.7,85.76,64.8,86.43,86.2,89.34,95.82,103.06,91.35,73.01,95.9,96.12,93.29,85.76,73.83,64.73,52.65,64.13,59.36,55.26,46.91,48.32,41.76,34.53,43.25,38.4,44.97,36.54,36.76,37.43,30.87,35.57,37.21,31.92,35.5,39,31.84,29.9,31.62,33.11,33.93,33.41,34.45,27.22,22.45,25.88,29.9,29.68,33.33,31.77,31.62,31.92,33.86,30.95,35.87,28.71,33.41,32.96,26.62,32.66,35.5,34.45,41.24,43.4,37.14,34.9,37.21,37.73,40.04,40.72,37.06,36.09,31.1,36.47,28.26,39.15,39.67,42.58,41.69,37.58,45.56,40.42,37.66,41.76,47.65,41.83,34.23,36.24,41.76,44.3,42.88,53.62,45.64,41.54,45.79,45.41,48.1,48.77,49.29,50.71,42.65,52.35,54.59,51.75,53.84,49.59,54.14,46.61,59.81,55.63,55.7,55.85,57.2,55.03,43.55,53.91,55.7,64.73,57.72,64.95,59.51,50.41,64.13,56,56.9,63.16,55.33,40.42,47.5,48.1,64.43,58.84,61.3,55.56,59.58,39.45,63.01,54.44,55.33,58.91,69.43,53.17,45.94,50.93,52.35,49.29,52.27,51.23,53.99,43.25,49.07,54.21,57.2,51.01,60.03,48.17,45.79,50.41,53.47,59.51,58.54,54.29,57.12,53.77,62.27,63.16,59.28,61.37,60.55,51.3,42.8,58.31,55.48,56.6,56.75,62.19,48.84,46.98,50.71,52.95,56.82,51.53,61.45,64.88,55.03,63.53,52.5,63.01,57.72,58.39,56.97,45.71,41.16,61.74,51.38,64.35,62.64,57.05,51.6,66.37,57.79,63.83,66.22,76.51,70.25
"2234","county","Bernalillo County","walking","","New Mexico","United States",100,101.36,106.32,86.73,116.16,129.09,89.01,97.83,102.62,106.26,108.74,132.24,126.37,85.74,95.19,102.23,102.26,107.02,128.83,132.65,76.33,97.27,88.96,97.21,104.14,137.72,148.07,84.87,93.14,89.1,108.69,134.5,155.48,151.11,103.44,113.25,110.88,107.71,117.05,132.07,145.45,84.14,111.38,103.55,111.51,119.26,144.33,163,92.83,113.1,118.03,110.77,120.27,150.33,156.14,90.62,114.66,119.78,123,124.42,121.76,119.53,79.89,97.52,92.52,75.71,74.12,79.53,70.97,53.5,68.92,63.38,60.43,55.95,62.97,60.27,48.8,61.32,64.92,66.84,72.47,74.95,66.23,53.88,64.02,73.34,65.38,67.58,78.9,64.38,42.37,49.57,60.76,73.57,71,77.86,69.45,62.44,77.92,71.2,75.42,76.49,82.82,80.96,64.87,74.14,83.15,86.44,87.62,100,89.52,69.07,84.4,93.19,89.14,91.11,100.89,94.77,64.81,78.84,72.2,99.48,106.57,126.62,122.06,97.95,121.61,123.6,129.05,131.48,143.04,123.55,99.15,98.97,122.03,120.74,123.38,143.86,123.35,111.37,135.26,137.74,144.72,138.62,156.09,153.29,110.39,130.68,135.46,141.01,145.79,162.91,144.29,113.21,131.35,143.31,144.67,141,166.99,159.06,109,146.03,164.72,170.7,175.67,192.36,175.13,121.54,160.9,158.41,170.77,179.35,170.81,124.81,109.57,151.55,146.9,157.41,155.98,178.37,160.74,122.24,145.79,146.88,150.7,160.52,171.84,160.27,115.13,138.97,145.7,160.2,147.6,168.31,160.58,119.82,136.27,154.59,154.53,155.89,177.54,156.65,118.44,150.52,154.32,146.12,158.44,185.5,169.03,127.04,148.6,161.5,155.57,165.47,185.54,182.44,129.3,148.13,155.31,158.17,159.89,184.78,166.95,131.78,144.52,150.12,160,158.91,183.1,180.83,132.31,149.07,145.41,155.62,155.4,172.63,170.21,136.49,122.1,141.94,141.07,146.17,172.98,179.04,124.14,147.38,152.9,155.86,150.41,181.68,177.29
"2450","county","Chaves County","driving","","New Mexico","United States",100,101.88,110.55,117.1,147.31,138.55,106.49,117.06,103.32,110.82,105.56,132.37,122.4,110.43,98.68,103.5,102.68,110.34,134.12,125.35,104.88,111.64,86.77,90.48,105.87,140.37,124.93,109,113.93,87.08,103.44,122.89,186.42,153.64,136.45,146.86,117.04,115.35,115.76,152.57,145.77,121.72,117.72,113.17,118.69,126.46,150.73,138.39,126.99,120.63,125.45,117.72,137.52,168.66,199.75,174.39,158.93,160.89,158.93,168.97,188.11,185.99,141.99,140.68,124.44,118.55,109.4,117.33,111,84.03,81.6,75.17,75.44,75.99,76.65,74,56.85,69.75,77.58,66.23,67.73,77.13,70.04,53.95,64.08,71.89,70.57,70.16,79.48,68.18,47.27,66.7,65.26,73.6,78.43,87.8,86.17,72.74,82.73,79.58,82.38,85.43,91.47,90.73,73.79,89.74,84.5,88.09,93.32,116.71,105.79,80.45,98,89.86,98.31,104.2,122.17,111.68,82.57,NA,NA,111.68,114.44,132.47,126.99,113.48,123.1,117.41,128.56,135.3,167.55,159.59,127.67,129.8,136.91,140.8,140.12,167.5,152.96,122.73,127.94,137.34,142.63,142.51,169.96,165.2,142.18,143.44,144.32,149.52,153.1,185.62,183.31,153.45,157.7,156.38,158.11,167.88,203.07,195.03,156.93,169.15,166.78,166.82,163.24,204.22,211.72,176.86,167.88,168.18,177.33,200.02,208.47,151.33,170.97,178.43,170.84,168.1,174.04,200.8,213.48,150.26,155.7,156.67,149.41,162.19,189.8,186.36,150.46,152.69,147.31,156.89,157.08,193.96,197.22,168,167.2,161.49,172.26,182.49,189.35,186.98,171.85,172.97,155.51,167.59,168.7,202.49,190.01,159.92,161.49,156.54,161.1,169.98,191.28,181.66,166.64,147.68,146.36,152.59,150.36,186.92,171.25,145.85,148.32,150.46,137.32,155.97,182.57,174.33,144.53,159.2,152.79,142.2,170.04,234.95,209.4,173.25,192.64,165.92,133.98,149.99,178.71,194.42,152.71,145.58,147.83,157.18,156.58,187.45,193.84
"2486","county","Cibola County","driving","","New Mexico","United States",100,101.94,111.96,117.33,141.82,131.07,110.12,125.41,97.29,109.68,111.47,116.99,117.38,114.86,91.34,102.9,113.55,123.43,145.4,162.78,109,100.19,106.82,116.84,118.78,134.85,141.29,130.98,103.68,100.05,109.78,122.75,156.97,141.63,140.8,144.48,105.23,119.46,131.51,139.11,132.43,135.72,122.56,120.81,117.42,122.02,169.17,158.33,161.13,126.14,129.67,129.67,138.58,162.34,176.86,175.61,158.28,154.55,142.16,160.75,211.67,240.42,204.94,182.43,189.11,209.58,188.43,208.91,202.03,156.58,111.23,109.49,142.88,92.74,109.83,159.83,92.26,73.77,88.96,86.25,91.58,97.1,99.08,83.35,59,73.23,82.09,74.39,85.48,94.05,67.86,61.37,71.88,82.62,82.33,100.48,104.4,90.61,75.65,84.7,102.76,102.37,105.66,112.49,95.4,90.22,99.23,107.36,117.09,137.9,154.89,126.14,113.5,114.52,113.07,137.42,141.19,140.22,115.59,NA,NA,133.49,139.25,161.76,157.12,145.55,126.14,131.99,140.8,171.49,209.87,193.13,170.96,162.15,149.81,154.99,167.13,181.03,198.79,175.65,166.51,158.57,164.33,165.73,171.73,209.68,171.35,163.26,162.83,230.45,183.35,207.65,215.15,193.32,170.14,184.03,176.38,217.33,252.57,208.08,205.86,189.98,175.46,183.88,200.53,222.51,241.24,232.96,207.21,185.48,242.16,257.16,235.19,190.03,192.93,204.84,174.01,196.47,201.89,204.11,228.12,188.33,162.54,170.76,185.96,195.74,207.31,215.92,197.05,166.75,170.81,176.57,182.28,203.39,214.38,204.4,176.04,170.91,188.29,209.29,229.62,225.61,206.82,200.29,192.3,192.69,207.89,217.38,230.45,208.57,173.28,185.43,191.38,208.71,222.65,250.87,223.48,166.07,172.51,190.32,186.21,181.61,212.68,210.79,142.88,155.42,154.6,169.85,185.43,217.91,182.82,209,156.92,170.43,192.84,232.43,265.49,332.43,206.15,142.88,164.67,168.93,225.36,611.52,251.74,151.6,153.48,171.88,172.51,190.08,223.96
"2557","county","Colfax County","driving","","New Mexico","United States",100,81.57,95.89,133.53,213.83,151.17,159.43,173.8,92.28,88.37,103.37,116.18,109.73,126.3,89.69,78.98,81.87,101.81,137.05,119.06,129.23,114.66,63.59,84.02,121.21,135.09,125.32,141.15,96.53,69.11,96.68,179.08,235.24,177.71,207.92,214.52,108.46,114.27,138.07,182.36,153.08,177.96,117.25,91.89,105.91,143.99,162.9,147.9,168.23,108.55,84.41,87.05,119.89,208.9,315.3,296.24,218.67,193.79,215.69,257.14,343.99,389.35,309.14,234.56,212.41,180.65,128.98,139.05,148.63,116.57,81.18,72.09,65.3,58.75,65.98,71.95,59.53,46.87,53.18,48.68,49.9,60.12,63.15,55.62,49.36,41.4,45.7,46.38,55.96,58.36,44.18,47.85,50.44,56.3,54.5,78.98,80.79,62.41,61.83,56.7,59.43,63.34,89.44,97.56,81.62,68.77,72.87,77.03,96.14,106.74,120.63,100.24,92.33,84.8,86.61,99.22,119.45,123.95,101.37,NA,NA,108.16,117.01,143.74,161.05,150.29,131.67,114.91,137.05,171.55,247.61,236.22,221.46,233.33,157.77,145.5,159.38,200.49,202.25,199.8,157.67,149.02,157.43,174.78,224.34,247.7,236.07,198.14,179.28,180.79,216.81,262.66,279.72,288.81,202.54,189.78,220.67,256.4,296.87,310.26,304.55,255.77,213.54,237.05,259.58,362.51,376.44,359.19,290.22,238.03,309.19,390.71,420.53,278.54,412.27,338.27,242.23,241.74,290.18,353.13,384.31,320.82,253.47,224.49,234.75,275.22,344.28,403.42,351.32,253.52,213.78,228.98,291.74,358.8,389.54,369.4,264.22,233.97,244.53,307.43,370.23,462.41,372.24,268.28,233.28,259.68,294.82,355.33,409.53,372.92,254.35,234.21,242.91,282.6,349.46,365.49,347.8,240.37,206.26,198.39,249.17,269.55,287.39,264.66,191.98,148.29,168.91,205.96,252.59,277.03,252.93,175.56,143.35,162.51,228.59,374.98,344.43,335.19,441.89,179.13,148.24,197.17,244.48,246.19,227.27,175.71,166.13,177.37,208.75,263.39,266.18
"2634","county","Curry County","driving","","New Mexico","United States",100,95.51,91.25,87.38,128.52,102.47,82.62,94.49,90.83,94.64,101.82,108.83,111.54,79.28,91.4,89.58,91.87,94.66,123.29,110.02,81.82,97.21,78.46,80.63,103.69,118.27,112.54,85.46,93.87,77.21,93.54,118.4,142.51,108.9,84.29,116.75,109.6,97.71,106.03,132.01,118.08,88.71,99.23,102.27,105.26,113.01,131.51,123.26,95.91,106.73,104.01,100.52,106.68,144.58,160.68,108.75,114.54,111.14,115.68,112.67,141.36,144.38,95.24,125.5,105.73,100.65,91.92,103.54,83.69,65.05,77.29,69.23,66.17,69.93,70.66,62.23,53.25,65,71.3,74.64,74.97,82.5,70.98,55.4,76.74,69.51,71.78,69.81,82.8,70.83,46.62,61.88,67.74,88.98,93.97,90.92,81.63,69.51,97.61,88.63,85.94,93.62,101.8,88.68,70.81,98.28,91.22,90.4,88.91,115.21,104.99,85.54,100.62,108.75,106.73,113.29,117.48,105.71,80.98,NA,NA,103.32,110.1,117.03,119.42,95.76,119.87,121.07,122.86,126.85,154.77,145.9,110.6,104.66,126.78,130.37,133.88,170.93,133.91,110.6,128.45,140.86,135.78,144.25,168.11,153.63,113.86,132.26,130.91,140.74,148.69,169.26,163.63,123.06,145.62,140.84,143.23,152.31,169.58,175.37,122.11,156.12,144.25,163.23,150.11,175.24,175.57,134.85,167.79,158.79,161.83,183.64,182.2,146.35,134.13,154.9,145.25,153.35,157.39,171.25,162.48,134.21,143.26,146,146.2,146.07,174.87,150.74,131.41,142.93,139.44,145.25,154.08,174.92,176.19,130.42,151.43,147.02,149.94,162.95,180.03,178.53,135.75,156.89,151.38,154.7,156.25,184.37,169.78,143.61,152.98,153.1,146.9,148.87,185.59,172.5,141.98,150.69,147.89,146.9,150.19,176.61,163.53,126,138.27,134.01,142.71,142.23,165.69,160.48,122.29,142.93,139.07,142.86,175.29,189.08,158.04,131.71,129.74,146.92,135.48,138.92,163.08,165.25,123.24,147.37,150.46,144.88,146.2,169.31,166.67
"2742","county","Do√±a Ana County","driving","","New Mexico","United States",100,106.49,101.96,109.2,130.47,124.39,91.97,111.36,106.67,110.95,113.98,129.29,129.95,92.63,103.18,115.74,110.37,117.55,137.4,133.06,89.96,104.88,106.91,105.47,113.53,133.71,136.6,105.36,108.61,103.5,113.56,126.05,153.04,143.2,114.38,121.29,114.17,123.68,121.48,149.65,155.36,107.94,117.13,113.19,117.53,122.83,141.78,155.13,104.24,114.66,111.72,118.45,125.29,149.87,163.94,104.66,119.22,124.1,122.96,116.47,139.75,144.09,103.1,111.32,102.45,97.5,97.42,104.68,86.45,66.06,76.02,69.3,66.39,65.23,68.27,62.12,50.27,63.25,66.1,67.53,64.78,74.4,64.04,51.44,64.07,65.21,65.99,70.71,72.86,63.7,40.83,62.27,68.57,72.63,71.72,82.83,76.64,59.14,77.78,76.13,76.51,79.73,91.09,84.59,65.21,78.9,82.02,85.19,89.96,101.92,93.35,74.21,87.84,94.85,91.62,90.61,109.34,107.58,77.74,NA,NA,106.85,112.49,127.72,123.64,93.57,109.37,113.44,114.69,123.95,145.95,135.48,106.3,105.54,116.54,117.54,124.83,142.78,136.57,101.58,121.61,124.93,124.89,121.73,143.35,146.43,109.05,124.21,128.32,129.32,135.39,157.09,158.76,120.69,132.85,132.2,132.45,139.86,162.43,158.15,111.2,130.79,138.28,136,144.5,161.6,160.1,126.12,138.96,143.3,142.29,155.56,163.76,137.3,119.85,137.29,138.49,140.07,147.18,158.34,147.92,112.97,131.65,133.67,138.29,137.01,157.9,150.67,115.23,128.9,133.48,136.47,139.4,154.04,154.66,122.22,137.89,142.48,156.82,148.05,169.45,172.17,131.25,142.23,145.22,141.88,144.46,174.14,171.44,131.97,147.08,147.01,147.99,151.73,186.8,191.99,146.99,149.87,151.87,148.85,156.74,182.75,177.53,135.56,140.63,142.85,144.96,143.23,174.27,173.29,124.29,138.65,145.06,147.1,154.37,192.14,188.56,149.88,140.12,139.24,138.43,140.79,166.98,173.66,124.5,137.5,136.12,141.56,145.29,173.6,171.75
"2772","county","Eddy County","driving","","New Mexico","United States",100,106.56,106.59,104.03,106.14,95.19,71.24,99.62,108.39,107.95,111.11,101.52,88.23,70.48,106.94,110.95,105.25,107.82,105.2,84.77,67.35,102.41,102.52,71.14,97.97,110.13,89.92,70.25,102.52,90.22,107.67,124.69,113.67,93.09,81.44,105.87,117.32,109.11,103.41,116.5,94.9,77.14,104.4,111.73,115.43,114.56,110.04,91.1,79.34,113.94,111.69,108.55,118.93,119.99,102.12,88.01,121.39,121.25,122.07,117.2,112.84,100.35,75.22,110.96,109.22,95.5,90.48,89.31,63.2,50.6,70.71,70.79,68.22,72.19,66.79,48.85,42.67,65.57,70.83,67.43,67.88,62.32,49.28,43.88,60.69,63.29,65.52,65.49,61.12,47.8,32.19,60.08,66.26,65.53,66.13,67.57,51.19,43.82,61.95,70.4,73.15,74.86,70.35,51.43,49.15,67.55,71.81,69.17,68.4,73.98,67.3,54.86,69.04,75.58,73.41,76.48,73.82,65.97,42.32,NA,NA,83.13,84.98,78.59,70.27,58.28,84.17,86.74,91.14,92.28,95.38,79.79,70.59,59.64,89.63,86.88,88.21,88.59,77,61.11,86.83,86.58,86.68,94.01,96.99,76.24,67.24,88.79,95.16,96.4,93.06,91.48,78.12,66.41,88.35,98.7,102.45,95.27,104.76,82.78,69.05,92.84,104.67,99.74,102.65,102.17,91.71,71.7,91.62,100.02,102.21,113.2,91.68,70.6,70.48,91.61,98.79,100.55,99.25,97.26,87.2,67.6,91.24,98.51,101.04,99.98,100.19,89.22,77.43,99.86,105.76,103.6,99.29,103.62,92.17,74.85,103.17,94.48,98.39,100.59,114.33,97.04,76.39,103.21,106.54,111.84,103.96,103.01,89.86,73.65,96.78,105.43,101.27,110.35,108.51,92.02,74.12,95.98,100.54,100.14,98.9,101.62,87.14,67.55,92.57,95.04,101.25,93.81,102.08,88.34,64.93,89.75,92.97,101.7,101.8,119.51,94.36,78.69,80.2,94.65,95.66,97.32,103.58,85.97,69.78,94.42,98.67,102.11,98.23,111.18,90.63
"2960","county","Grant County","driving","","New Mexico","United States",100,119.62,105.38,118.81,132.45,119.32,103.83,115.04,104.87,105.46,116.45,120.87,118.51,96.9,100.29,108.92,103.69,113.79,127.73,122.42,93.22,106.12,103.76,116.74,114.38,123.38,114.38,105.6,106.71,107.74,113.35,122.2,137.09,149.63,124.78,144.62,126.84,118.14,120.35,140.71,137.46,129.5,119.91,124.63,122.79,124.34,155.46,141.3,125.96,124.48,128.32,133.78,132.67,172.12,151.47,132.74,131.27,153.61,138.5,136.21,173.3,164.75,132.82,129.42,120.28,117.48,108.26,127.21,109.44,103.61,80.16,84.29,76.47,73.89,72.42,72.2,54.79,63.05,66.37,64.31,73.45,71.9,68.29,54.35,59.96,63.94,57.82,66.22,71.9,61.65,52.14,72.64,65.93,78.39,87.32,89.31,70.5,65.93,73.67,79.72,88.94,82.67,94.1,87.32,72.79,69.99,80.31,79.06,91.96,107.45,111.43,88.13,87.24,97.2,83.63,100.44,124.71,98.01,81.71,NA,NA,91.45,113.79,125.29,131.05,116.74,114.23,107.01,125.88,124.56,162.09,189.53,157.3,169.69,132.74,129.57,145.21,148.23,162.98,131.12,128.02,134.14,126.03,146.02,157.6,182.45,144.76,150.37,146.24,150.74,161.14,167.48,201.99,165.04,143.29,151.18,136.06,144.47,178.54,185.47,151.25,151.25,152.14,143.29,155.24,177.43,193.58,159.81,147.64,146.46,164.75,194.54,200.59,165.49,186.36,151.99,160.4,147.35,230.24,172.79,167.92,135.25,162.68,149.19,142.48,141.37,145.94,163.42,141.3,140.04,136.43,153.76,147.05,154.79,175.59,138.79,142.4,143.51,136.06,160.47,165.04,178.1,161.58,136.73,144.54,143.51,146.17,156.42,199.34,157.3,143.36,150.88,150.44,167.04,193.07,213.27,176.47,148.67,132.96,131.86,147.12,162.91,187.32,166.81,126.47,134.66,143.81,136.43,157.67,178.76,139.45,132.67,149.26,122.49,157.6,236.95,241.3,220.58,193.58,124.26,129.79,150.74,161.21,162.46,140.34,145.58,127.58,143.22,181.93,184.96,170.8
"2998","county","Guadalupe County","driving","","New Mexico","United States",100,102.81,114.38,115.07,171.65,144.56,132.95,126.76,89.94,98,107.62,111.12,120.2,118.74,100,93.97,104.32,114.09,129.61,140.37,111.49,98.37,102.4,108.47,108.84,130.47,129.65,132.46,93.73,105.87,118.45,152.1,154.79,145.3,152.14,140.08,113.65,110.84,131.93,155.19,146.31,147.05,109.04,113.69,117.27,134.18,156.46,161.14,160.16,120.86,120.49,119.67,143.05,192.42,276.37,220.98,150.92,158.53,169.82,193.52,309.08,342.89,261.1,209.94,222.28,219.35,208.64,218.04,216.78,158.86,118.13,113.65,104.4,94.58,96.09,106.48,103.05,75.72,93.4,86.23,77.43,83.91,104.97,84.32,62.97,71.36,69.29,72.55,72.46,81.51,66.48,69.37,71.41,73.56,80.65,84.2,95.72,85.54,65.3,72.75,80.37,85.91,94.22,117.72,102.44,90.75,88.96,94.26,113.52,136.21,144.64,113.65,92.34,97.56,112.18,114.75,129.12,136.13,108.27,NA,NA,114.09,135.07,148.47,161.1,165.21,125.25,119.23,154.58,174.87,210.22,222.97,204.93,168.72,138.82,149.25,163.99,196.09,211.69,200.45,144.15,140.77,163.75,174.46,189.57,230.96,200.33,155.76,153.56,171.36,191.69,218.25,240.16,237.19,174.01,179.88,177.88,201.38,254.22,265.58,231.53,188.43,193.16,202.73,212.55,279.1,297.03,275.03,220.73,220.77,259.92,293.77,281.83,201.71,235.11,223.42,203.42,201.79,221.06,242.28,332.46,243.3,174.09,187.01,192.26,193.93,244.97,261.55,242.36,191.98,172.46,193.16,199.27,253.77,282.36,253.08,196.62,185.66,194.42,223.38,254.75,316.86,271.41,206.23,176.9,205.54,223.46,255.36,271.12,283.83,196.46,190.84,202.61,218.37,255.76,271.49,241.02,192.22,194.58,191.49,196.05,208.59,237.23,201.79,151.45,156.62,150.67,171.28,198.66,215.15,195.15,151.2,151.77,177.84,201.34,256.95,240.2,219.84,234.18,137.72,162.69,173.48,183.71,227.54,199.31,143.54,217.23,158.33,181.51,201.22,213.36
"3107","county","Hidalgo County","driving","","New Mexico","United States",100,107.2,98.93,128,161.87,129.6,139.73,142.31,99.64,111.91,113.07,116.98,117.42,128,84.09,100.44,113.33,118.04,143.47,138.76,112.89,103.64,107.91,119.2,113.42,122.4,107.29,130.13,112,117.16,126.13,123.11,145.51,135.2,144.53,132.62,111.82,111.2,126.04,140.09,139.11,151.91,117.69,104.27,121.16,125.42,144.89,153.51,152.89,104.89,104.18,116.98,137.42,177.42,191.2,176.71,141.51,168.44,152.27,159.73,209.87,208.89,184.36,154.84,150.76,164.18,158.84,160,136.18,191.38,81.42,87.82,78.84,82.13,77.96,88.36,77.16,62.84,62.04,64.27,60.71,73.6,73.78,56.8,56.36,55.02,59.38,61.33,64.27,66.84,58.04,59.29,56,64.27,54.31,88.09,83.11,68.8,73.51,62.58,62.76,61.69,88.36,91.02,80.53,64.62,69.6,93.87,91.47,124.36,126.67,97.69,84.27,102.4,91.73,90.04,123.11,111.73,94.84,NA,NA,108.18,108.44,128.18,141.33,131.11,111.29,111.11,112.98,148.98,175.91,182.31,139.82,164.27,117.24,121.24,141.96,160.27,156.44,151.29,120.71,136.71,138.58,139.91,148.53,152.98,140.62,133.69,122.58,131.56,146.58,162.49,183.91,179.91,144.18,142.4,156.36,153.24,195.64,178.04,152.44,164.62,165.69,141.6,154.04,189.69,220.8,186.13,171.47,157.6,193.42,233.16,241.51,151.02,175.64,148.44,152.44,126.49,213.78,164.62,166.4,155.73,132.36,135.2,139.11,154.84,156.8,162.58,141.69,132.44,123.29,133.42,143.38,166.49,168.09,144.98,139.91,129.42,141.16,156.71,160.8,198.49,173.96,129.69,134.31,133.07,160.62,157.69,194.13,201.24,143.64,126.67,144.8,146.22,181.16,189.42,171.11,148.09,146.76,133.42,136.71,144.53,145.51,155.11,93.6,109.24,112.44,130.84,146.58,139.91,142.93,118.84,113.24,128.09,150.04,238.22,184.62,157.87,210.84,135.64,120.18,132,136.09,152.62,155.2,133.87,113.6,120.71,146.4,152.27,145.42
"3394","county","Lea County","driving","","New Mexico","United States",100,109.89,117.18,116.11,117.74,108.32,78.42,104.36,113.51,116.35,110.97,116.53,97.11,73.12,100.8,112.01,111.16,109.73,111.68,103.38,70.75,105.92,106.53,72.91,101.71,115.67,98.08,75.98,107.37,101.54,108.46,120.92,134.15,103.36,81.26,111.68,121.9,115.48,121.62,124.54,105.56,76.78,112.87,111.25,118.16,118.32,120.47,100.78,85.03,109.88,119.25,122.86,120.65,135.77,113.34,86.13,116.7,122,120.73,122.19,119.23,92.58,71.74,105.84,104.38,96.67,96.71,97.41,66.37,58.03,76.36,79.08,82.19,77.07,77.55,62.23,46.6,73.33,76.89,80.96,70.66,76.38,55.78,49.24,69.78,76.63,71.57,70.77,62.81,55.15,40.36,69.76,75.02,74.37,75.16,78.96,59.89,46.88,75.55,78.95,77.2,75.48,79.57,64.92,54.71,74.47,83.7,82.43,81.23,90.04,69.28,55.33,81.84,86.98,83.27,86.95,89.62,78.55,57.3,NA,NA,89.54,90.57,97.87,85.33,66.43,98.59,97.29,102.65,105,110.91,75.16,63.57,68.77,97.6,101.12,108.55,109.87,84.82,68.03,87.54,103.79,107.43,107.49,113.18,91.23,75.16,105.38,101.14,101.57,104.36,117.97,95.25,70.82,100.15,104.55,107.31,104.9,117.81,98.38,70.83,102.92,108.22,106.39,112.93,118.18,100.61,76.96,103.52,109.7,114.11,123.56,92.26,72.2,70.25,102.84,100.75,107.94,104.69,116.03,94.65,75.13,102.6,105.9,108.92,106.07,120.96,91.3,78.29,103.93,110.51,106.49,106.15,115.9,97.5,79.6,102.45,109.1,110.67,109.41,114.52,102.92,86.31,102.56,105.93,111.34,109.89,114.73,101.34,85.06,114.72,112.22,118.2,105.77,121.56,102.34,81.74,101.05,110.24,111.34,104.13,112.35,96.5,76.17,98.98,101.77,114.7,101.54,106.95,94.11,70.03,100.66,113.43,112.5,115.13,119.51,96.07,72.26,78.22,102.66,117.1,111.23,117.77,99,78.18,105.68,108.39,108.66,109.56,120.2,94.81
"3438","county","Lincoln County","driving","","New Mexico","United States",100,87.94,87.07,111.89,235.04,332.98,275.72,155.55,77.23,83.88,100.63,175.47,235.37,169.65,76.1,67.89,75.89,96.02,177.77,256.72,172,104.44,61.36,65.93,104.65,182.8,230.51,170.53,83.63,63.83,80.37,128.05,301.34,370.66,295.02,165.8,100.59,92.01,108.08,200.33,233.65,175.14,103.06,79.61,86.06,107.2,182.21,232.06,167.69,93.05,81.25,80.2,88.41,172.29,285.27,283.38,266.51,240.27,238.09,233.65,263.67,308.96,260.99,223.11,193.72,112.52,140.39,127.58,114.27,78.23,62.03,49.81,46.25,47.8,44.37,46.46,36.04,43.87,44.2,40.77,39.43,46.92,38.38,41.77,37.76,36.67,38.76,38.89,54,48.39,34.95,39.01,46.04,45,45.17,58.69,64.29,52.83,52.49,42.15,48.05,47.09,69.61,71.2,56.59,57.97,53.08,57.51,71.45,91.46,104.69,85.94,67.14,67.69,64.09,80.95,101.05,121.93,86.02,NA,NA,79.87,82.63,122.06,171.33,135.2,90.79,101.09,96.65,115.99,203.14,293.18,306.24,196.23,122.06,115.19,121.93,180.62,258.18,208.58,122.56,129.38,129.05,153.08,235.66,340.23,265.01,164.5,150.06,150.06,177.23,288.45,402.72,313.44,202.22,187.74,187.15,195.56,302.51,415.07,298.66,205.61,192.38,211.26,229.43,354.25,440.44,350.98,228.17,198.83,217.5,271.45,387.53,392.13,340.77,231.73,198.16,198.45,215.03,306.36,375.68,311.01,200.75,177.48,174.09,212.39,270.24,344.04,280.87,191.46,194.94,190.67,212.52,306.82,334.45,315.03,207.07,199.29,208.46,232.52,299.12,404.14,311.43,203.52,197.57,194.27,212.39,329.34,402.34,316.74,213.39,191.63,179.11,214.52,314.94,412.81,313.39,185.85,181,166.22,189.95,273.17,356.72,266.47,162.58,149.23,151.65,165.47,255.92,355.88,287.82,161.16,149.94,150.52,192.09,384.01,551.15,515.45,359.15,163,140.14,163.46,262.96,335.83,250.4,160.69,137.13,143.57,169.23,274.93,367.14
"3483","county","Luna County","driving","","New Mexico","United States",100,107.38,112.03,118.32,146.11,124.7,121.25,124.58,105.89,108.42,105.21,112.07,120.01,103.09,92.38,106.09,107.06,120.89,132.2,128.75,107.18,112.19,109.94,111.55,107.62,114.76,115.76,117.92,112.91,123.82,112.67,118.97,147.11,133.08,135.4,142.62,118.56,129.95,120.61,132.52,135,129.47,116.64,113.39,108.22,123.82,154.69,145.59,131.07,116.88,111.59,120.13,130.99,164.31,167.76,145.15,136.21,131.15,141.5,152.09,178.39,194.95,157.66,144.83,146.91,145.79,150.24,153.25,134.24,103.37,85.57,80.91,75.02,80.99,80.03,81.92,70.93,59.1,70.37,67,70.69,67.56,70.93,56.9,64.35,67,71.13,58.86,68.36,60.34,48.56,62.43,60.91,67.88,74.46,86.41,81.68,69.69,73.26,67.6,74.1,71.29,92.42,89.78,68.85,66.2,70.29,82.2,84.24,102.89,118.12,90.42,86.97,89.9,98.12,94.63,119.93,112.91,91.3,NA,NA,105.17,120.09,138.89,146.07,120.17,124.14,120.61,115.56,145.91,167.32,161.11,131.6,141.18,121.37,133.48,136.93,153.77,154.21,133.36,139.49,116.68,122.41,130.07,137.21,154.33,134.32,124.42,124.74,128.19,157.86,152.57,173.22,154.01,141.78,135.53,135.36,153.21,170.57,178.91,140.38,150.2,163.11,134.8,162.11,177.11,179.75,164.31,149.76,151.56,163.99,197.07,206.42,126.38,160.18,163.59,149.48,156.05,148,164.39,163.95,138.89,132.64,120.61,135.2,139.78,154.21,162.27,130.95,132.44,135.28,141.22,141.42,169.17,175.54,137.61,138.57,131.84,135.12,152.41,163.91,180.35,170.45,146.19,150.12,135.12,156.09,163.07,181.56,153.41,147.71,128.47,143.38,137.85,168,175.62,148.96,138.97,118.2,130.23,128.51,148.44,146.15,134.32,106.09,110.02,128.67,121.17,145.79,151.16,125.26,123.66,125.42,130.35,153.13,210.79,181.28,159.18,178.15,135.16,154.77,126.82,143.5,144.15,121.97,125.3,125.58,121.69,147.23,151.76,147.59
"3602","county","McKinley County","driving","","New Mexico","United States",100,106.05,111.18,109.43,140.67,126.38,102.12,115.13,98.15,109.72,108.34,116.88,111.03,110.61,92.84,94.77,107.65,118.29,134.8,134.03,102.3,101.01,104.66,113.97,113.03,129.42,134.92,119.42,103.38,92.5,100.96,126.11,155.92,141.36,127.22,133.34,116.12,110.59,120.51,141.04,133.81,125.42,123.37,117.69,122.9,130.53,162.24,163.6,149.83,131.61,128.26,131.98,130.87,160.12,175.47,157.72,148.69,138.06,130.21,153.16,190.2,222.58,193.02,167.37,169.52,177.94,162.12,181.84,173.96,122.48,96.54,93.11,89.68,82.4,97.63,103.31,84.65,71.27,77.05,78.26,78.43,85.78,86.2,73,57.08,64.29,65.08,71.67,77.49,74.51,60.49,62.17,71.45,78.58,81.93,85.32,91.78,78.46,70.14,70.78,84.72,84.75,95.63,98.74,85.46,82.9,78.23,91.39,98.72,115.84,97.29,81.86,76.46,80.8,81.17,87.66,93.48,86.75,84.25,NA,NA,103.43,111.18,129.12,126.95,122.8,107.4,116.58,124.95,140.3,166.09,157.13,136.99,138.08,138.45,137.93,151.43,161.15,158.17,150.57,145.9,139.51,134.87,167.57,171.59,184.6,154.2,148.54,143.53,163.77,161.94,174.36,175.79,169.87,162.29,155.75,159.23,165.99,188.82,170.68,159.58,165.87,159.13,165.23,192.35,219.67,203.48,200.64,183.29,191.86,224.33,248.3,207.43,143.31,178.97,187.54,177.74,166.93,173.99,210.22,195.85,168.78,161.55,167.35,173.69,183.42,189.24,198.82,183.19,164.93,151.65,162.19,166.31,193.63,195.01,171.54,164.39,179.34,173.94,189.22,215.99,213.3,189.39,177.44,174.53,178.41,186.82,204.69,204.84,178.48,180.08,178.87,171,195.43,213.4,215.87,193.02,169.79,155.26,168.29,168.73,188.35,197.09,171.03,154.91,144.55,142.35,154.05,173.22,182.58,159.03,149.93,143.56,163.3,184.03,228.28,213.45,196.35,192.47,149.56,166.98,168.88,172.09,210.78,151.53,144.4,156.49,163.01,174.28,186.25,201.14
"3876","county","Otero County","driving","","New Mexico","United States",100,106,97.98,109.11,148,175.38,149.22,133.13,96.22,100.13,106.89,135.69,145,118.02,99.84,103.22,102.42,108.51,141.8,153.44,103.51,110.53,97.29,94.22,102.78,128.67,147.53,133.36,107.73,94.8,108.38,123.38,169.29,183.78,164.04,143.47,114.27,106.33,117.56,146.07,168.96,128.76,111.69,106.4,108.96,116.24,149.96,166.67,129.47,116.8,111.33,117.18,116.64,144.73,179.36,146.69,152.73,149.76,144.56,143.53,166.53,191.07,162.44,149.24,122.56,107.22,127.96,124.42,114.36,83.13,85.16,68.58,66.33,70,66.11,65.4,52.58,60.36,60.62,63.89,67.89,71.18,68.78,55.78,61.33,61.82,62.11,67.96,68.24,67.27,49.62,62.24,71.24,69.98,68.82,85.62,81.07,66.51,73.22,72.49,75.73,74.42,87.87,93.49,72.27,75.71,82.73,83.36,82.22,100.78,103.69,88.71,83.87,87.11,90.42,97.29,116.02,118.67,97.93,NA,NA,100.64,101.89,123.4,137.07,113.91,117.73,114.09,108.93,133.22,174.33,200.13,169.64,145.89,117.71,129.07,130.6,167.93,175.91,145.47,118.22,118.76,133.91,134.62,169,208.47,169.2,138.78,133.33,138.69,146.69,204.58,239.4,198.58,151.22,158.29,142.58,162.71,219.24,226.13,169.47,165.24,159.84,163.91,161.18,217.38,226.11,195.07,169.44,172.76,170.49,204.4,258.33,251.87,210.33,194.42,174,161.91,172.56,216.11,230.98,198.89,158.62,156.96,168.6,180.02,213.16,220.44,187.82,165.42,158.73,165.11,164.91,200.78,210.56,181.84,172.69,158.58,159.4,171.82,220.07,235.22,198.18,167.73,167.38,163.67,170.51,213.98,243.11,201.33,170.73,166.67,169.93,172.93,224.78,234.87,203.73,165.33,150.47,154.76,151.18,200.56,235.09,187.58,145.69,142.84,151.2,143.02,202.89,199.73,176.47,140.84,143.27,153.24,184.31,244.87,314.29,296.64,240.49,145.4,139.69,150.62,192.09,223.07,173.13,147.56,146.24,151.4,153.87,206.76,236.44
"4031","county","Quay County","driving","","New Mexico","United States",100,100.4,109.84,106.11,146.79,135.46,114.54,119.64,93.8,100.35,99.96,105.4,112.3,100.79,97.06,99.69,108.96,110.11,130.45,137.04,102.11,102.72,107.34,105.62,110.24,113.18,134.01,126.41,90.42,83.96,101.93,135.9,158.3,138.97,131.59,135.94,111.16,116.04,121.7,135.85,142.53,136.69,104.22,115.51,127.64,136.12,157.07,183.57,172.72,135.98,126.23,124.56,130.49,155.84,229.83,187.04,156.33,142.09,159.62,182.25,263.58,309.31,237.08,220.43,221.79,237.65,222.32,232.56,229.7,161.78,136.29,124.25,121.7,107.6,102.94,115.91,103.82,88.01,93.28,102.33,92,96.79,115.91,89.59,71.66,72.41,81.5,80.18,91.48,91.34,71.09,69.16,82.47,88.4,86.03,102.86,116.56,86.2,75.04,77.94,90.73,99.08,106.72,121.13,100,94.42,102.07,111.03,122.41,140.77,156.15,125.57,103.78,110.81,124.38,112.21,134.53,144.02,112.04,NA,NA,123.2,146.44,149.17,173.07,159.58,117.44,126.8,151.76,160.11,199.12,229.22,216.78,156.9,127.02,147.23,168.1,186.42,221.66,199.47,147.01,149.17,165.64,182.6,198.81,241.08,206.2,155.1,162.96,181.15,182.03,200.26,235.28,216.87,175.22,184.01,181.81,184.4,245.69,251.36,222.67,190.42,184.36,194.2,213.88,258.88,292.49,250.04,226.54,217.18,225.09,257.69,275.88,197.01,224.74,194.73,210.9,195.12,221.66,237.87,284.45,238.01,186.16,175.83,175.44,195.78,220.3,250.31,219.24,175.66,170.12,176.19,191.3,239.06,264.76,230.45,177.55,198.51,200.83,212.35,249.12,305.1,247.85,196.44,184.84,200.04,215.11,229.61,260.94,243.85,184.53,189.89,200.26,214.5,242.93,233.74,221.97,181.72,181.99,184.89,192.71,209.36,222.58,181.02,161.16,160.06,163.84,163.36,191.7,212.83,179.35,160.37,150.48,182.07,185.94,215.64,226.36,221.31,195.08,135.19,170.25,190.25,185.81,192.05,177.24,135.76,164.72,157.51,190.51,185.24,211.64
"4078","county","Rio Arriba County","driving","","New Mexico","United States",100,92.41,105.37,87.46,126.65,119.41,114.04,124,94.48,86.89,102.22,108.67,104.58,100.79,87.32,85.96,88.97,98.07,123.14,114.68,104.15,87.25,65.76,92.69,106.23,129.01,121.99,114.04,92.19,71.99,98.64,121.35,167.55,148.21,137.89,130.52,98.5,102.94,112.46,140.26,143.27,122.35,111.25,101.22,95.42,135.24,144.13,140.4,134.1,110.39,104.37,108.38,113.61,149.64,183.38,166.48,151.36,139.76,133.24,132.23,157.16,164.83,130.09,126.58,113.47,85.96,87.54,90.9,85.82,76.15,61.32,56.88,52.01,56.45,72.85,59.24,55.66,60.03,56.52,45.56,59.96,60.03,60.6,54.15,53.44,60.46,51.5,56.16,66.62,60.53,48.07,53.15,58.81,59.74,67.48,71.42,77.08,70.13,68.84,60.24,71.49,72.85,94.63,98.71,84.46,62.32,75.79,85.17,81.95,102.87,108.81,100,82.81,72.71,87.54,92.19,97.49,121.99,98.71,NA,NA,116.91,124.21,133.88,144.63,129.01,102.29,106.38,118.91,124.57,188.47,228.94,213.11,172.85,134.96,120.2,134.46,173.42,199.21,190.26,137.61,130.59,136.17,144.48,192.91,191.48,215.47,151.07,163.25,162.68,195.13,223.57,237.46,243.05,194.7,201.07,204.08,201.65,263.25,268.98,266.12,211.03,198.64,207.16,242.41,273.21,355.37,289.26,244.2,221.49,252.08,270.49,347.56,296.78,331.09,247.21,203.44,208.6,215.9,274,266.26,285.6,211.6,194.13,204.51,212.61,244.63,299.64,273.64,191.48,179.15,199,205.09,258.24,291.62,252.72,191.26,183.38,194.05,224.5,265.19,298.35,280.3,225.14,216.12,216.4,212.11,303.44,294.63,311.17,197.06,189.26,199.93,267.55,264.47,259.74,251.5,174.07,174,174.14,198.5,237.32,278.08,234.67,169.34,163.75,151.5,188.11,242.05,235.6,224.57,166.76,163.9,171.28,223.42,319.84,297.35,336.32,299.21,180.59,144.27,173.78,231.3,226.5,224.86,183.6,158.45,195.92,205.23,251.07,269.99
"4102","county","Roosevelt County","driving","","New Mexico","United States",100,103.16,103.94,109.18,132.64,124.38,91.36,93.75,96.84,97.92,105.09,123.92,120.83,78.47,91.67,107.56,102.85,116.44,134.03,115.2,84.95,90.2,76,85.57,106.71,129.09,124.61,89.12,94.52,63.19,89.04,111.73,143.98,128.32,97.07,118.21,106.02,106.79,114.12,133.64,117.28,102.85,86.19,102.7,98.53,122.15,143.13,129.32,115.2,127.16,112.42,109.34,110.11,156.25,142.9,119.37,99.54,106.25,103.86,112.27,116.67,118.44,99.77,113.81,96.3,98.92,104.09,108.41,101.47,69.6,78.94,66.9,70.6,74.07,80.71,71.3,58.87,69.29,73.38,70.22,80.71,86.81,77.24,62.81,70.14,69.14,78.94,71.6,89.35,71.76,49.54,70.45,75.31,86.34,90.66,94.52,82.25,84.03,81.94,84.49,91.82,77.24,102.01,96.6,73.23,94.83,99.85,90.66,85.8,115.12,100.46,74.38,99.69,103.63,108.8,115.97,116.9,103.32,84.41,NA,NA,109.26,113.97,121.6,105.56,102.62,120.99,125.54,122.45,127.08,158.8,164.43,103.24,106.4,115.05,109.57,127.39,146.3,139.12,105.09,119.68,136.73,119.75,138.04,151.08,126.31,117.05,124.07,128.94,141.59,146.22,161.34,148.92,113.58,139.89,127.08,119.37,160.65,174.38,152.16,106.25,141.82,140.9,158.56,166.28,196.6,175.85,126.62,162.35,163.66,158.33,155.94,159.03,108.1,116.36,154.09,142.44,143.9,147.22,157.72,149.07,119.83,148.07,171.6,131.4,159.34,168.98,162.11,124.77,152.93,132.79,145.14,138.97,165.51,169.83,123.23,135.57,128.24,159.72,162.5,177.39,171.22,133.26,144.37,147.22,147.22,135.88,159.8,145.99,128.47,143.9,143.21,134.8,164.2,203.47,172.99,144.98,157.95,145.76,145.99,170.22,190.2,162.19,127.93,142.9,146.53,132.56,135.96,166.13,160.96,110.03,149.69,138.19,135.65,161.27,188.73,165.35,128.09,136.65,149.31,124.15,164.12,160.73,143.21,132.56,146.76,126.39,141.98,150.93,180.63,158.02
"4148","county","San Juan County","driving","","New Mexico","United States",100,103.04,110.42,108.75,118.38,115.38,91.62,111.52,100.21,108.35,113.1,120.61,132.88,98.2,94.17,103.43,107.51,108.97,127.53,130.55,89.1,102.37,105.1,107.84,116.08,117.72,126.82,92.19,108.43,98.6,112.91,128.96,150.16,136.1,111.09,128.53,120.11,118.58,132.55,144.1,150.8,101.86,129.76,121.01,128.21,131.18,150.4,154.57,114.74,123.89,129.57,122.28,133.23,163.61,174.13,136.21,146.08,134.35,127.03,131.14,149.9,155.47,124.93,125.39,125.18,112.38,108.1,112.15,94.53,73.86,84.3,78.79,76.76,72.14,83.2,71.69,64.31,71.98,70.27,75.18,78.24,79.68,71.92,56.1,66.8,73.86,79.44,84.19,82.71,67.39,52.53,78.71,76.89,87.09,88.03,94.01,77.89,67.88,87.47,88.21,92.17,100.33,106.69,85.75,72.01,98.96,101.48,103.62,108.67,129.17,100.84,87.31,110.77,108.37,112.07,115.01,135.62,112.8,78.67,NA,NA,128.59,125.36,146.67,120.45,109.4,148.34,137.38,149.11,153.47,180.33,144.18,124.43,132.16,148.09,161.36,162.23,177.35,150.08,122.62,156.55,158.14,154.11,162.35,193.99,177.86,145.3,169.22,153.49,165.88,175.44,200.97,190.82,163.17,185.99,183.61,193.85,184.59,206.26,186.28,151.79,182.56,191.15,201.43,185.89,219.65,214.3,178.69,204.16,198.9,209.28,223.53,228.8,161.38,176.03,208.83,192.89,196.11,185.32,221.2,205.02,168.22,194.63,180.38,191.54,188.17,211.76,188.35,156.17,185.77,179.44,196.37,193.96,211.38,193.9,163.21,191.12,195.2,192.72,201.71,229.76,212.72,174.93,200.43,189.8,192.6,198.77,232.18,204.14,160.85,186.56,176.82,190.76,187.54,222.92,205.77,161.19,186.55,178.15,175.6,190.45,204.4,196.81,149.67,170.4,162.51,168.38,173.11,208.18,188.62,151.26,168.07,166.83,180.25,185.91,239.77,221.04,181.7,189.94,163.48,161.44,175.47,199.36,194.18,140.68,176.47,161.94,168.44,169.45,214.38,208.46
"4157","county","San Miguel County","driving","","New Mexico","United States",100,94.61,106.98,106.39,153.28,146.37,116.71,120.4,83.88,93.73,104.81,129.89,124.97,118.23,108.79,100,91.56,115.53,145.19,126.08,103.69,103.93,77.26,94.37,108.73,122.39,123.04,113.54,97.66,91.91,109.91,145.31,179.78,157.56,170.52,162.37,107.56,102.29,109.38,157.21,128.9,113.95,123.74,96.42,106.15,125.85,154.34,138.51,147.19,118.64,117.12,112.25,118.05,171.45,216.88,194.9,149.06,141.03,139.33,152.87,199,219.4,173.04,146.54,146.72,145.78,114.6,129.19,140.97,114.19,84.76,77.08,72.63,71.28,66.88,84.29,64.54,57.8,67.23,70.46,70.75,78.31,68.35,63.6,56.74,57.74,64.24,62.08,62.31,70.34,54.92,53.99,64.19,58.5,61.66,72.45,78.31,82.65,65.36,61.96,67.35,65.36,92.09,96.42,85.05,73.33,76.96,73.39,90.56,110.61,118.82,110.67,86.87,92.2,81.83,109.5,128.14,119.17,99.71,NA,NA,102.05,114.54,136.52,147.77,139.98,115.01,119.17,129.66,144.84,215.71,195.66,177.73,192.03,145.49,130.07,164.19,169.4,183.59,157.03,135.93,143.38,138.16,163.13,187.81,187.63,183.59,154.16,141.91,157.44,168.64,195.08,209.14,190.27,157.21,146.31,156.8,177.84,214.77,227.02,204.92,166.59,164.95,185.46,196.78,243.43,261.78,231.01,182.65,163.6,181.89,250.7,246.37,179.72,234.35,209.03,165.89,171.57,190.27,217.41,241.85,213.25,156.39,160.55,162.19,164.89,202.75,209.67,192.85,161.9,139.8,151.52,172.57,209.38,197.13,199.24,158.03,145.43,161.2,175.73,216.41,243.55,223.04,172.16,177.02,174.38,196.83,209.09,229.13,232.88,176.91,173.92,177.26,206.39,237.98,249.36,268.41,186.4,171.4,170.28,193.38,223.74,215.83,207.97,149.47,134.58,136.52,161.49,194.43,201.17,189.1,150.12,138.8,149.82,191.79,293.55,279.48,246.89,285.29,150.18,136.87,155.86,185.99,172.74,192.15,143.55,156.98,135.29,161.66,197.07,214.83
"4160","county","Sandoval County","driving","","New Mexico","United States",100,105.89,106.17,92.21,121.96,128.07,88.2,104.42,97.1,102.12,104.77,122.59,122.69,86.53,94.06,98.77,99.1,103.38,130.06,125.65,91.15,102.71,94,101,118.18,129.4,142.4,96.74,97.64,81.13,109.34,125.3,151.22,160.01,112.99,114.64,112.49,114.83,121.88,153.01,159.03,100.01,114.26,110.62,113.76,115.86,135.77,166.41,104.23,110.54,112.41,117.61,122.93,147.85,161.84,103.28,117.79,132.95,138.01,118.01,124.95,120.94,90.55,103.72,90.22,90.26,83.54,86.25,77.91,61.11,73.08,64.12,65.7,60.37,66.28,63.14,53.53,63.73,65.04,65.38,69.04,75.06,69.16,54.31,61.81,64.07,68.73,68.18,77.65,71.85,44.99,56.89,63.93,74.01,76.06,83.9,79.68,62.55,75.72,75.66,76.32,83.68,93.55,87.89,69.74,81.13,81.82,83.21,86.83,108.29,102.41,79.85,87.6,92.59,94.39,95.34,111.98,106.02,77.26,NA,NA,100.72,108.05,127.83,126.15,105.51,108.8,109.98,119.62,122.62,140.27,129.57,109.86,109.83,118.81,124.2,123.94,138.76,137.63,109.8,122.53,126.1,128.15,135.14,154.79,138.7,122.88,132.63,124.24,132.92,136.23,157.17,160.61,123.62,132.05,136.28,141.84,142.54,168.51,157.07,119.88,137.62,135.72,155.57,147.09,171.6,170.11,141.77,146.3,148.58,152.51,166.76,173.57,130.37,126.07,145.61,143.23,142.16,146.14,178.49,169.54,127.1,133.89,142.06,139.54,144.6,180.76,167.61,139.03,141.64,137.82,138.37,149.69,174.76,163.12,133.26,138.54,141.15,152.27,156.72,179.45,168.46,130.75,149.68,142.48,144.49,153.95,174.67,173.12,135.27,140.55,140.46,142.32,145.19,167.28,169.24,141.43,137.02,132.94,139.63,141.31,169.06,159.72,127.37,132.21,131.96,133.54,141.17,170.95,161.96,122.54,128.7,126.96,133.33,147.68,178.68,167.41,141.01,138.8,130.8,132.06,136.8,169.33,168.68,128,135.02,139.25,141.63,144.79,177.5,168.34
"4175","county","Santa Fe County","driving","","New Mexico","United States",100,103.91,108.83,89.37,113.81,137.86,112.83,115.61,102.85,111.77,117.85,131.23,132.37,98.72,102.77,106.73,105.45,117.65,131.95,127.51,90.88,107.76,89.69,107.14,123.24,140.72,139.75,105.68,108.29,77.11,110.34,131.89,172.97,177.06,144.25,137.98,120.52,113.91,129.02,143.43,151.47,109.43,116.54,112.43,119.3,129.67,147.71,150.13,121.9,118.7,119.36,124.93,129.95,163.68,172.07,145.59,156.87,154.68,151.95,142.4,144.72,142.42,115.11,117.77,101.59,85.7,76.02,78.38,65.28,51.35,59.04,52.72,51.28,47.59,55.96,49.04,39.23,47.33,54.64,51.22,52.14,56.06,49.47,40.31,50.1,53.47,51.78,53.68,56.21,50.32,34.05,39.66,49.88,55.53,55.81,63.48,56.75,45.38,57.88,59.76,59.48,62.76,69.58,64.06,50.73,63.85,67.48,66.32,69.53,82.98,74.9,64.08,71.1,72.17,74.35,73.14,86.34,78.95,62.58,NA,NA,85.52,89.46,101.87,98.13,81.79,94.91,97.92,102.14,105.94,126.38,118.64,105.09,94.58,109.57,108.33,113.55,128.32,114.5,95.27,116.1,118.82,118.19,122.08,137.37,126.96,120.04,129.72,124.95,132.56,140.37,151.56,143.92,127.55,135.48,139.14,143.03,146.18,166.83,161.33,128.33,144.06,146.91,151.78,165.84,177.84,176.81,150.2,155.79,157.26,168.06,177.73,178.16,135.9,131.02,152.37,145.4,141.71,149.09,169.49,153.47,127.68,135.3,140.8,136.52,141.93,157.64,148.06,124.48,137.26,139.56,138.57,144.98,155.74,154.84,121.25,140.33,142.61,143.42,150.59,165.84,165.25,133.5,154,151.13,147.46,150.6,170.06,165.04,137.2,141.93,140.2,154.26,158.37,175.62,167.27,151.9,140.74,142.07,146.2,148.62,163.36,152.36,127.32,138.86,135.33,137.85,140.76,164.05,155.49,122.84,133.84,135.34,141.84,156.33,196.08,190.08,177.17,149.09,136.31,122.63,139.57,167.82,167.63,128.74,147,146.08,149.64,148.42,183.12,174.04
"4176","county","Santa Fe County","walking","","New Mexico","United States",100,104.33,120.05,83.07,139.8,191.97,148.76,113.46,111.73,124.78,132.12,169.04,171.98,118.08,119.93,131.25,141.83,132.87,166.09,168.63,96.94,119.87,101.91,109.88,140.38,176.66,186.6,113,109.82,87.75,126.63,168.17,228.89,313.46,224.84,161.29,127.27,125.77,138.71,185.21,188.68,129.64,123.74,110.17,119.58,147.2,184.75,213.4,130.96,129.29,126.17,132,154.3,199.83,242.46,186.25,208.15,202.77,183.65,183.3,172.73,191.57,140.73,141.42,100.58,74.64,55.63,50.26,53.15,35.99,45.87,40.5,40.03,32.18,37.32,33.97,29.06,31.48,40.21,42.17,39.23,35.88,37.03,33.28,40.38,39.05,41.77,45,42.23,30.56,24.49,27.61,33.28,37.61,34.32,43.56,38.01,28.71,42.06,39.86,39.63,44.02,45.81,40.32,29.92,53.61,46.79,48.24,52.05,58.23,44.71,46.68,46.85,49.22,58.75,57.08,61.99,54.88,41.71,51.24,51.99,79.32,82.44,92.66,82.26,54.59,75.33,76.95,77.76,84.92,106.93,94.28,88.27,63.95,102.66,88.79,99.6,131.43,91.05,76.2,100,109.3,108.38,115.66,123.34,127.5,104.62,114.62,107.91,123.74,142.4,158.93,146.5,119.35,141.48,139.28,128.42,155.81,178.68,174.64,125.82,147.78,154.25,153.38,172.1,175.56,219.06,161.35,175.62,164.41,185.62,196.53,221.61,168.57,123.92,141.42,145.52,152.92,141.83,158.12,132.35,107.16,131.2,127.04,130.33,130.21,157.37,137.38,105.2,138.36,131.6,130.56,130.73,151.36,147.31,106.93,141.42,139.46,119.41,152.8,171.52,166.61,120.51,136.68,150.2,145.29,143.21,169.9,157.37,124.32,136.68,131.77,137.09,164.82,180.13,177.99,123.34,143.67,134.14,146.97,133.04,170.48,160.66,117.04,128.31,138.07,124.44,145.52,168.92,175.56,111.84,140.27,142,141.13,152.28,216.98,249.74,219.7,138.47,123.69,108.26,129.17,172.96,202.2,121.95,152.69,139.57,154.82,185.96,202.66,208.32
"4246","county","Socorro County","driving","","New Mexico","United States",100,89.69,79.7,96.78,140.91,167.27,128.8,111.66,80.35,89.24,87.24,121.01,110.44,115.4,92.4,87.89,95.23,96.78,126.03,122.81,96.07,95.62,76.87,78.16,102.51,111.34,117.27,130.03,91.37,114.5,89.11,111.47,167.78,139.82,140.72,119.59,84.86,84.86,103.87,154.96,128.29,114.88,108.44,86.98,103.16,106.31,143.49,145.55,121.84,100,90.46,99.36,94.91,155.15,164.24,152.96,124.48,122.62,112.18,119.59,148.13,148,129.9,105.8,98,104.51,99.29,110.76,83.25,78.74,66.24,58.31,53.67,57.09,55.22,49.68,49.16,49.87,55.48,38.08,74.61,55.73,57.93,47.16,44.52,43.36,39.76,53.87,53.61,46.97,44.59,47.68,40.08,47.49,46.65,57.86,68.49,62.89,56.25,51.48,54.7,49.81,81.7,69.91,60.5,53.74,54.64,54.77,66.95,82.86,84.47,65.98,69.2,72.62,59.92,72.36,81.77,89.82,68.36,NA,NA,70.17,78.03,108.51,107.35,112.44,74.94,81.89,81.44,106.19,154.9,129.96,108.63,125.26,95.68,82.73,100,117.98,112.31,122.04,95.49,82.86,100.64,99.61,147.68,148.78,123.65,102.58,83.83,101.03,107.15,144.01,150.19,147.42,125.64,104.7,113.47,124.55,171.33,148.2,148.52,115.91,107.54,121.78,130.41,155.61,167.85,138.53,120.62,113.47,117.07,155.15,195.36,126.1,158.89,132.02,107.67,111.47,115.4,162.56,135.37,129.32,106.19,112.31,103.87,113.08,142.33,138.53,144.07,97.23,94.91,101.55,124.23,148.07,153.48,147.87,113.34,106.51,100.58,124.81,154.38,170.36,163.08,119.85,113.21,111.02,123.39,154.32,174.03,161.66,120.04,96.13,113.47,132.86,192.98,172.55,168.36,111.66,118.43,110.31,130.73,157.54,156.19,149.42,96.59,88.08,100.9,112.63,143.88,143.88,146.91,94.91,101.8,98.52,151.1,230.73,193.94,196.84,208.25,115.91,100.39,127.58,170.17,162.82,155.35,128.16,102.58,105.41,123.07,164.05,153.22
"4375","county","Taos County","driving","","New Mexico","United States",100,101.93,105.42,108,155.52,181.8,171.23,150.78,91.68,96.5,110.04,133.55,151.23,137.04,94.86,93.81,98.83,118.88,132.78,146.89,122.98,103.42,81.48,110.04,113.86,139.73,168.7,152.87,108.48,90.6,109.24,146.2,224.91,262.31,240.14,200.96,141.42,131.06,157.17,190.28,216.03,196.67,132.78,116.23,124.11,138.85,170.79,188.35,168.54,112.9,110.2,114.46,123.38,166.65,227.64,240.38,221.7,234.15,211.29,204.34,208.24,239.69,244.4,196.87,159.86,101.17,68.7,70.87,64.44,49.62,49.1,39.65,37,35.8,38.01,35.76,31.74,32.7,37.12,37.08,36.68,38.21,37.81,34.79,39.37,35.68,35.32,40.58,44.27,43.15,29.33,33.15,38.33,48.33,39.37,48.09,56.97,47.97,47.21,48.29,46.56,48.69,51.31,58.58,53.84,47.81,54.28,61.07,62.07,65.33,78.59,65.69,68.42,63.08,72,60.51,81.8,83.45,76.62,NA,NA,71.43,80.35,91.52,106.11,102.81,98.19,89.03,100.8,109.68,143.23,191.04,191.72,156.77,116.51,124.23,125.23,131.62,142.75,127.48,115.63,117.2,123.38,125.43,161.31,184.89,187.95,150.54,161.31,160.63,167.26,202.33,230.37,225.19,188.87,177.42,175.73,195.22,231.62,252.99,233.79,191.48,201.65,197.83,209.44,245.84,285.54,271.88,226.68,237.12,230.49,282,318.24,283.97,279.71,227.52,188.95,204.74,223.3,245.36,251.23,241.74,193.45,179.99,185.74,197.31,228.81,250.58,224.75,189.15,185.98,186.26,202.49,221.7,249.62,242.02,199.84,190.96,207.71,216.35,248.25,262.15,245.24,212.54,202.13,195.3,220.73,243.43,262.27,238.37,201.93,178.79,193.61,196.99,244.68,265.97,241.86,182.8,170.23,178.99,178.22,222.74,246.56,219.53,164.2,159.62,164.56,176.3,207.51,231.3,217.72,169.59,145.52,161.47,195.14,284.33,358.38,364.16,270.15,161.03,148.41,156.73,195.66,226.24,219.16,194.38,166.93,186.54,192.81,231.38,257.17
"4416","county","Torrance County","driving","","New Mexico","United States",100,105.21,111.5,134.81,148.23,126.3,117.16,110.42,96.21,108.55,114.95,117.21,119.52,117.01,95.33,94.89,112.83,106.93,141.05,133.09,116.67,97.39,96.61,101.38,104.08,126.06,129.15,123.01,100.29,131.51,114.8,125.12,147.15,129.55,137.17,132.01,109.39,111.41,126.55,151.47,136.18,119.91,108.95,115.63,124.98,127.43,154.18,179.2,143.22,121.19,123.65,133.28,130.04,174.68,230.97,183.24,145.23,151.92,162.54,174.39,256.19,256.44,192.97,170.94,183.97,174.78,166.13,178.56,181.27,133.73,112.59,108.01,107.96,93.26,98.53,115.59,101.23,71.83,86.68,83.38,89.68,97.54,100.15,86.43,74.43,73.6,83.09,88.79,88.74,87.71,71.39,71.88,81.17,86.73,95.72,100.74,109.14,89.58,80.78,90.22,91.49,100.34,111.06,134.17,98.57,99.16,100.64,106.69,117.26,125.32,135.1,116.27,104.92,108.65,119.12,113.08,127.97,144.74,128.56,NA,NA,130.43,117.8,144.59,154.33,158.55,122.42,132.74,156.54,158.36,186.23,207.57,172.76,150.69,148.67,160.13,160.57,171.63,206.44,181.12,155.8,147.54,157.77,159.59,197.59,208.75,186.14,153.98,160.96,166.81,176.11,192.23,222.66,207.33,164.8,173.16,179.45,204.03,230.24,229.79,198.28,189.43,181.17,205.56,225.61,250.29,275.96,237.36,244.3,209.39,243.51,259.39,291.59,206.83,213.52,200.64,193.07,195.53,221.78,229.35,282.55,218.39,172.66,190.46,186.63,198.23,226.94,247.1,218.14,182.45,169.81,190.22,190.22,233.78,264.75,227.04,175.37,180.53,211.16,207.77,251.03,280.68,242.18,201.18,180.58,186.09,219.03,240.17,246.02,252.61,196.12,192.13,185.89,206.64,247.64,246.61,217.7,191.49,195.08,186.63,182.89,210.62,217.45,178.96,155.41,154.77,153.98,173.55,207.82,205.95,188.54,162.29,158.01,171.98,188.1,257.47,227.68,208.46,208.75,155.95,166.42,194.84,206.34,236.14,173.25,143.12,179.55,173.25,194.59,196.31,228.22
"4467","county","Valencia County","driving","","New Mexico","United States",100,94.66,99.04,89.94,113.74,116.38,86.93,102.91,93.28,99.79,104.08,120.25,125.53,77,98.03,104.43,97.76,104.03,119.32,115.93,89.46,94.32,93.38,95.25,102.61,112.01,133.11,88.45,104.88,96.99,105.39,117.69,138.87,124.33,97.01,110.35,102.05,97.76,104,129.54,126.12,89.51,109.74,112.06,106.91,113.5,132.02,137.06,94.16,110.83,109.87,105.52,113.02,130.9,135.49,93.12,109.79,122.23,103.39,106.46,111.31,118.94,87.38,90.58,91.38,87.86,88.79,95.89,80.6,68.41,74.71,70.6,67.18,67.64,72.28,73.67,59.58,73.93,77.8,70.86,83.3,82.39,74.47,62.54,73.53,74.63,76.81,75.37,86.69,73.11,53.79,65.07,72.49,83.59,79.43,96.21,90.66,65.55,82.28,89.19,87.09,88.21,104.67,99.44,71.48,89.03,92.34,90.72,95.49,112.27,99.31,86.98,102.96,104.43,99.47,103.66,122.65,115.26,82.6,NA,NA,111.61,122.12,132.95,130.68,103.04,115.72,121.24,129.03,133.14,162.99,136.37,112.3,105.79,127.83,128.98,126.71,141.73,142.1,111.95,128.98,136.05,134.71,133.88,153.95,142.37,111.87,137.7,137.94,144.4,140.98,162.22,146.34,120.92,137.22,134.66,136.61,151.68,162.25,149.63,116.12,147.57,153.39,160.43,147.81,171.48,169.88,123.35,137.51,150.64,153.18,159.04,162.73,130.47,123,135.59,135.25,139.57,160.94,174.23,158.08,124.01,134.82,141.09,142.16,159.07,171.99,163.87,126.73,137.7,136.61,144.4,151.36,164.33,160.49,123.99,146.16,148.72,141.28,158.88,169.64,161.71,130.36,149.84,150.24,147.47,160.73,165.47,162.62,123.91,144.82,132.26,128.12,147.95,167.9,171.34,132.31,126.73,133.22,135.49,146.72,168.73,162.19,123.69,133.08,142.42,135.38,148.16,171.32,178.71,128.44,135.33,137.19,133.43,159.2,182.58,167.82,129.59,131.56,139.33,136.37,140.23,164.59,226.52,121.08,137.83,138.37,144.96,146.69,165.98,170.36
